{
    "hallo": "Hallo! 😊 Wie kann ich dir heute helfen?",
    "wie entsteht ein regenbogen?": "Ein Regenbogen entsteht, wenn Sonnenlicht auf Wassertropfen in der Luft trifft und gebrochen (in Farben aufgespalten) wird. Das Licht reflektiert im Tropfen und zeigt sich als farbiger Bogen mit den Spektralfarben Rot, Orange, Gelb, Grün, Blau, Indigo und Violett.",
    "was ist künstliche intelligenz (ki)?": "KI sind Computersysteme, die menschenähnliche Fähigkeiten wie Lernen, Problemlösen oder Entscheidungen treffen können. Beispiele sind Sprachassistenten (z. B. Siri) oder selbstfahrende Autos.",
    "wer hat die glühbirne erfunden?": "Thomas Edison wird oft genannt, aber eigentlich verbesserte er nur bestehende Ideen. Der wahre Erfinder war Heinrich Göbel, der bereits 1854 eine funktionierende Glühbirne baute.",
    "warum hat die woche 7 tage?": "Das kommt von den Babyloniern, die sich am Mondzyklus (ca. 28 Tage) orientierten. Sie teilten ihn in 4 Phasen à 7 Tage – inspiriert auch von den 7 sichtbaren Himmelskörpern (Sonne, Mond, Mars, Merkur, Jupiter, Venus, Saturn).",
    "warum knurrt der magen?": "Das Knurren (\"Borborygmus\") entsteht durch Bewegungen von Luft und Verdauungssäften im leeren Magen/Darm. Es ist ein normales Zeichen der Verdauung – nicht immer Hunger!",
    "können pflanzen hören?": "Studien zeigen, dass Pflanzen auf Schwingungen reagieren (z. B. summen Bienen fördert Bestäubung). Aber \"hören\" wie Tiere können sie nicht.",
    "moin": "Hallo, wie geht es dir?"
}